id,rim_width_mm,rim_shoulder_mm,parting_line_mm,dome_mm,plate_thick_mm,nose_radius_mm,alpha_deg,Cl,Cd,Cm,n_iter
geom_000,12.35,16.32,11.65,1.67,1.9,2.5,-1.0,0.04368,0.05917,-0.02101,1000
geom_000,12.35,16.32,11.65,1.67,1.9,2.5,-4.0,-0.06056,0.05926,-0.0259,177
geom_000,12.35,16.32,11.65,1.67,1.9,2.5,11.0,0.68311,0.21951,0.02756,1000
geom_000,12.35,16.32,11.65,1.67,1.9,2.5,14.0,0.81837,0.28715,0.04524,1000
geom_000,12.35,16.32,11.65,1.67,1.9,2.5,2.0,0.20952,0.08166,-0.01736,1000
geom_000,12.35,16.32,11.65,1.67,1.9,2.5,5.0,0.38539,0.11715,-0.00749,1000
geom_000,12.35,16.32,11.65,1.67,1.9,2.5,8.0,0.54511,0.16545,0.00725,1000
geom_001,12.3,16.46,10.05,3.08,3.21,1.68,-1.0,0.0217,0.05449,-0.01732,210
geom_001,12.3,16.46,10.05,3.08,3.21,1.68,-4.0,-0.08405,0.06052,-0.02463,210
geom_001,12.3,16.46,10.05,3.08,3.21,1.68,11.0,0.69914,0.21215,0.02597,1000
geom_001,12.3,16.46,10.05,3.08,3.21,1.68,14.0,0.83467,0.27635,0.04715,1000
geom_001,12.3,16.46,10.05,3.08,3.21,1.68,2.0,0.16443,0.06259,-0.0082,197
geom_001,12.3,16.46,10.05,3.08,3.21,1.68,5.0,0.35632,0.09936,-0.00458,1000
geom_001,12.3,16.46,10.05,3.08,3.21,1.68,8.0,0.54595,0.15451,0.00546,1000
geom_002,11.19,17.89,13.56,3.91,1.7,3.57,-1.0,0.02806,0.0621,-0.0135,1000
geom_002,11.19,17.89,13.56,3.91,1.7,3.57,-4.0,-0.08082,0.06531,-0.02185,230
geom_002,11.19,17.89,13.56,3.91,1.7,3.57,11.0,0.69773,0.2405,0.02134,1000
geom_002,11.19,17.89,13.56,3.91,1.7,3.57,14.0,0.83538,0.30882,0.03799,1000
geom_002,11.19,17.89,13.56,3.91,1.7,3.57,2.0,0.22235,0.10029,-0.01964,1000
geom_002,11.19,17.89,13.56,3.91,1.7,3.57,5.0,0.38144,0.13191,-0.00771,1000
geom_002,11.19,17.89,13.56,3.91,1.7,3.57,8.0,0.54946,0.1827,0.00437,1000
geom_003,14.7,17.61,10.33,4.29,2.51,2.61,-1.0,0.02901,0.055,-0.0169,281
geom_003,14.7,17.61,10.33,4.29,2.51,2.61,-4.0,-0.06803,0.05954,-0.02462,220
geom_003,14.7,17.61,10.33,4.29,2.51,2.61,11.0,0.68443,0.20943,0.02502,1000
geom_003,14.7,17.61,10.33,4.29,2.51,2.61,14.0,0.82298,0.27587,0.04625,1000
geom_003,14.7,17.61,10.33,4.29,2.51,2.61,2.0,0.17611,0.07365,-0.01313,1000
geom_003,14.7,17.61,10.33,4.29,2.51,2.61,5.0,0.3414,0.09483,-0.00193,1000
geom_003,14.7,17.61,10.33,4.29,2.51,2.61,8.0,0.52935,0.15307,0.00592,1000
geom_004,12.7,16.73,8.25,2.12,2.0,2.45,-1.0,-0.00116,0.05752,-0.0162,1000
geom_004,12.7,16.73,8.25,2.12,2.0,2.45,-4.0,-0.1114,0.06285,-0.02203,192
geom_004,12.7,16.73,8.25,2.12,2.0,2.45,11.0,0.67908,0.19921,0.02617,1000
geom_004,12.7,16.73,8.25,2.12,2.0,2.45,14.0,0.82231,0.2621,0.04835,1000
geom_004,12.7,16.73,8.25,2.12,2.0,2.45,2.0,0.1894,0.07877,-0.01752,1000
geom_004,12.7,16.73,8.25,2.12,2.0,2.45,5.0,0.36586,0.10842,-0.00858,1000
geom_004,12.7,16.73,8.25,2.12,2.0,2.45,8.0,0.53039,0.15141,0.0053,1000
geom_005,9.04,15.27,9.93,3.99,2.64,2.78,-1.0,0.07847,0.06893,-0.03544,1000
geom_005,9.04,15.27,9.93,3.99,2.64,2.78,-4.0,-0.0499,0.07061,-0.04148,1000
geom_005,9.04,15.27,9.93,3.99,2.64,2.78,11.0,0.71947,0.22073,0.02077,1000
geom_005,9.04,15.27,9.93,3.99,2.64,2.78,14.0,0.85752,0.28445,0.0423,506
geom_005,9.04,15.27,9.93,3.99,2.64,2.78,2.0,0.24219,0.08537,-0.02909,1000
geom_005,9.04,15.27,9.93,3.99,2.64,2.78,5.0,0.42051,0.12212,-0.02013,1000
geom_005,9.04,15.27,9.93,3.99,2.64,2.78,8.0,0.57768,0.16756,-0.00139,1000
geom_006,13.37,19.12,12.04,5.87,1.95,3.03,-1.0,0.00105,0.05413,-0.00835,297
geom_006,13.37,19.12,12.04,5.87,1.95,3.03,-4.0,-0.08733,0.06288,-0.01817,237
geom_006,13.37,19.12,12.04,5.87,1.95,3.03,11.0,0.67093,0.21616,0.02324,1000
geom_006,13.37,19.12,12.04,5.87,1.95,3.03,14.0,0.82168,0.28733,0.04098,1000
geom_006,13.37,19.12,12.04,5.87,1.95,3.03,2.0,0.14844,0.07288,-0.00586,1000
geom_006,13.37,19.12,12.04,5.87,1.95,3.03,5.0,0.2912,0.084,0.00875,1000
geom_006,13.37,19.12,12.04,5.87,1.95,3.03,8.0,0.47806,0.1398,0.01576,1000
geom_007,17.46,18.96,11.1,2.76,1.96,3.47,-1.0,-0.00183,0.05239,-0.01034,288
geom_007,17.46,18.96,11.1,2.76,1.96,3.47,-4.0,-0.10082,0.06115,-0.02119,209
geom_007,17.46,18.96,11.1,2.76,1.96,3.47,11.0,0.59507,0.17173,0.04617,1000
geom_007,17.46,18.96,11.1,2.76,1.96,3.47,14.0,0.74526,0.2451,0.06046,1000
geom_007,17.46,18.96,11.1,2.76,1.96,3.47,2.0,0.15408,0.07053,-0.00496,1000
geom_007,17.46,18.96,11.1,2.76,1.96,3.47,5.0,0.29728,0.08747,0.01241,1000
geom_007,17.46,18.96,11.1,2.76,1.96,3.47,8.0,0.44094,0.11978,0.02873,1000
geom_008,9.58,15.67,9.25,4.33,2.31,2.84,-1.0,0.0442,0.05865,-0.0238,1000
geom_008,9.58,15.67,9.25,4.33,2.31,2.84,-4.0,-0.07734,0.06182,-0.02869,267
geom_008,9.58,15.67,9.25,4.33,2.31,2.84,11.0,0.72467,0.22079,0.0167,1000
geom_008,9.58,15.67,9.25,4.33,2.31,2.84,14.0,0.86477,0.2852,0.03833,203
geom_008,9.58,15.67,9.25,4.33,2.31,2.84,2.0,0.20805,0.07622,-0.02023,1000
geom_008,9.58,15.67,9.25,4.33,2.31,2.84,5.0,0.39269,0.11497,-0.0157,1000
geom_008,9.58,15.67,9.25,4.33,2.31,2.84,8.0,0.56623,0.16414,-0.00319,1000
geom_009,15.18,14.27,11.48,0.65,1.62,1.73,-1.0,0.00743,0.05573,-0.01365,1000
geom_009,15.18,14.27,11.48,0.65,1.62,1.73,-4.0,-0.11079,0.05926,-0.02236,1000
geom_009,15.18,14.27,11.48,0.65,1.62,1.73,11.0,0.61888,0.19707,0.04193,1000
geom_009,15.18,14.27,11.48,0.65,1.62,1.73,14.0,0.73483,0.25878,0.05602,1000
geom_009,15.18,14.27,11.48,0.65,1.62,1.73,2.0,0.18058,0.07675,-0.00938,1000
geom_009,15.18,14.27,11.48,0.65,1.62,1.73,5.0,0.34431,0.10194,0.00615,1000
geom_009,15.18,14.27,11.48,0.65,1.62,1.73,8.0,0.48991,0.14475,0.02538,1000
geom_010,19.48,17.04,9.29,5.16,2.87,2.43,-1.0,0.02671,0.04789,-0.01823,251
geom_010,19.48,17.04,9.29,5.16,2.87,2.43,-4.0,-0.06619,0.05631,-0.02935,605
geom_010,19.48,17.04,9.29,5.16,2.87,2.43,11.0,0.6405,0.18282,0.03378,1000
geom_010,19.48,17.04,9.29,5.16,2.87,2.43,14.0,0.78456,0.24563,0.05544,1000
geom_010,19.48,17.04,9.29,5.16,2.87,2.43,2.0,0.16008,0.05482,-0.00718,546
geom_010,19.48,17.04,9.29,5.16,2.87,2.43,5.0,0.32975,0.08585,0.00185,1000
geom_010,19.48,17.04,9.29,5.16,2.87,2.43,8.0,0.49599,0.1327,0.01351,1000
geom_011,16.35,14.67,8.52,3.55,1.71,1.67,-1.0,0.04305,0.04861,-0.02216,502
geom_011,16.35,14.67,8.52,3.55,1.71,1.67,-4.0,-0.053,0.05422,-0.03204,209
geom_011,16.35,14.67,8.52,3.55,1.71,1.67,11.0,0.68858,0.19435,0.03172,1000
geom_011,16.35,14.67,8.52,3.55,1.71,1.67,14.0,0.81842,0.25611,0.05493,182
geom_011,16.35,14.67,8.52,3.55,1.71,1.67,2.0,0.20224,0.06172,-0.01446,1000
geom_011,16.35,14.67,8.52,3.55,1.71,1.67,5.0,0.38332,0.09707,-0.00694,1000
geom_011,16.35,14.67,8.52,3.55,1.71,1.67,8.0,0.54248,0.14033,0.00958,1000
geom_012,10.86,15.8,12.76,1.72,1.78,2.57,-1.0,0.00583,0.05922,-0.01113,1000
geom_012,10.86,15.8,12.76,1.72,1.78,2.57,-4.0,-0.10385,0.06388,-0.01957,214
geom_012,10.86,15.8,12.76,1.72,1.78,2.57,11.0,0.66702,0.21811,0.02812,1000
geom_012,10.86,15.8,12.76,1.72,1.78,2.57,14.0,0.79848,0.28305,0.04164,194
geom_012,10.86,15.8,12.76,1.72,1.78,2.57,2.0,0.17333,0.07936,-0.00898,1000
geom_012,10.86,15.8,12.76,1.72,1.78,2.57,5.0,0.37942,0.12426,-0.00725,1000
geom_012,10.86,15.8,12.76,1.72,1.78,2.57,8.0,0.53675,0.16895,0.00996,1000
geom_013,18.17,19.13,12.08,5.35,2.42,3.38,-1.0,0.00828,0.05154,-0.01096,212
geom_013,18.17,19.13,12.08,5.35,2.42,3.38,-4.0,-0.0883,0.06134,-0.02258,262
geom_013,18.17,19.13,12.08,5.35,2.42,3.38,11.0,0.58386,0.17187,0.04702,1000
geom_013,18.17,19.13,12.08,5.35,2.42,3.38,14.0,0.72314,0.23991,0.06342,1000
geom_013,18.17,19.13,12.08,5.35,2.42,3.38,2.0,0.14672,0.06673,-0.00336,1000
geom_013,18.17,19.13,12.08,5.35,2.42,3.38,5.0,0.30153,0.09053,0.0116,1000
geom_013,18.17,19.13,12.08,5.35,2.42,3.38,8.0,0.43528,0.12007,0.02989,1000
geom_014,21.09,19.1,14.0,2.73,2.97,2.28,-1.0,0.00924,0.0527,-0.00956,1000
geom_014,21.09,19.1,14.0,2.73,2.97,2.28,-4.0,-0.08152,0.06179,-0.02345,1000
geom_014,21.09,19.1,14.0,2.73,2.97,2.28,11.0,0.56372,0.18942,0.04926,1000
geom_014,21.09,19.1,14.0,2.73,2.97,2.28,14.0,0.68693,0.25346,0.06118,1000
geom_014,21.09,19.1,14.0,2.73,2.97,2.28,2.0,0.12369,0.05877,0.00493,1000
geom_014,21.09,19.1,14.0,2.73,2.97,2.28,5.0,0.27338,0.08638,0.02167,1000
geom_014,21.09,19.1,14.0,2.73,2.97,2.28,8.0,0.40757,0.1262,0.03864,1000
geom_015,19.2,18.81,12.08,3.46,3.29,1.64,-1.0,0.00237,0.05127,-0.01139,216
geom_015,19.2,18.81,12.08,3.46,3.29,1.64,-4.0,-0.0909,0.06233,-0.02369,1000
geom_015,19.2,18.81,12.08,3.46,3.29,1.64,11.0,0.62146,0.19119,0.0411,1000
geom_015,19.2,18.81,12.08,3.46,3.29,1.64,14.0,0.74765,0.25554,0.0598,1000
geom_015,19.2,18.81,12.08,3.46,3.29,1.64,2.0,0.12691,0.05565,0.00108,261
geom_015,19.2,18.81,12.08,3.46,3.29,1.64,5.0,0.29402,0.08383,0.01366,1000
geom_015,19.2,18.81,12.08,3.46,3.29,1.64,8.0,0.4729,0.13697,0.02331,1000
geom_016,12.79,17.2,9.0,4.62,2.47,3.07,-1.0,0.01162,0.05642,-0.0165,351
geom_016,12.79,17.2,9.0,4.62,2.47,3.07,-4.0,-0.0959,0.06128,-0.02248,226
geom_016,12.79,17.2,9.0,4.62,2.47,3.07,11.0,0.68422,0.20543,0.02056,1000
geom_016,12.79,17.2,9.0,4.62,2.47,3.07,14.0,0.83637,0.27145,0.04163,1000
geom_016,12.79,17.2,9.0,4.62,2.47,3.07,2.0,0.1899,0.07749,-0.01709,1000
geom_016,12.79,17.2,9.0,4.62,2.47,3.07,5.0,0.35768,0.10747,-0.00767,1000
geom_016,12.79,17.2,9.0,4.62,2.47,3.07,8.0,0.53034,0.15503,0.00229,1000
geom_017,16.85,13.58,7.21,2.13,1.98,3.5,-1.0,0.05772,0.05168,-0.03017,1000
geom_017,16.85,13.58,7.21,2.13,1.98,3.5,-4.0,-0.06526,0.05178,-0.03592,1000
geom_017,16.85,13.58,7.21,2.13,1.98,3.5,14.0,0.7716,0.23383,0.06368,660
geom_017,16.85,13.58,7.21,2.13,1.98,3.5,2.0,0.227,0.06315,-0.02145,1000
geom_017,16.85,13.58,7.21,2.13,1.98,3.5,5.0,0.38679,0.09474,-0.00835,1000
geom_018,15.92,19.06,15.28,3.26,2.75,2.35,-1.0,-0.00496,0.05738,-0.0041,210
geom_018,15.92,19.06,15.28,3.26,2.75,2.35,-4.0,-0.09539,0.06664,-0.0172,204
geom_018,15.92,19.06,15.28,3.26,2.75,2.35,11.0,0.59674,0.20963,0.04448,1000
geom_018,15.92,19.06,15.28,3.26,2.75,2.35,14.0,0.73352,0.27969,0.05316,1000
geom_018,15.92,19.06,15.28,3.26,2.75,2.35,2.0,0.11466,0.06464,0.00836,1000
geom_018,15.92,19.06,15.28,3.26,2.75,2.35,5.0,0.27406,0.09443,0.02157,1000
geom_018,15.92,19.06,15.28,3.26,2.75,2.35,8.0,0.42755,0.14111,0.03639,1000
geom_019,9.53,19.79,14.2,5.53,2.11,2.78,-1.0,0.02595,0.06079,-0.01124,304
geom_019,9.53,19.79,14.2,5.53,2.11,2.78,-4.0,-0.06549,0.06776,-0.02216,193
geom_019,9.53,19.79,14.2,5.53,2.11,2.78,11.0,0.67381,0.23249,0.02168,1000
geom_019,9.53,19.79,14.2,5.53,2.11,2.78,14.0,0.84035,0.31604,0.03186,1000
geom_019,9.53,19.79,14.2,5.53,2.11,2.78,2.0,0.1538,0.07049,-0.00071,214
geom_019,9.53,19.79,14.2,5.53,2.11,2.78,5.0,0.32113,0.10586,0.00514,1000
geom_019,9.53,19.79,14.2,5.53,2.11,2.78,8.0,0.49227,0.15718,0.01487,1000
geom_020,9.91,15.62,11.41,5.43,1.7,1.96,-1.0,0.04245,0.05883,-0.01805,245
geom_020,9.91,15.62,11.41,5.43,1.7,1.96,-4.0,-0.05647,0.06138,-0.02445,209
geom_020,9.91,15.62,11.41,5.43,1.7,1.96,11.0,0.71822,0.23033,0.01952,1000
geom_020,9.91,15.62,11.41,5.43,1.7,1.96,14.0,0.86618,0.30406,0.03689,1000
geom_020,9.91,15.62,11.41,5.43,1.7,1.96,2.0,0.18745,0.07511,-0.01316,1000
geom_020,9.91,15.62,11.41,5.43,1.7,1.96,5.0,0.35455,0.10645,-0.00345,1000
geom_020,9.91,15.62,11.41,5.43,1.7,1.96,8.0,0.54974,0.16537,0.00323,1000
geom_021,17.68,18.63,12.24,3.94,2.32,1.82,-1.0,0.00683,0.05254,-0.01114,1000
geom_021,17.68,18.63,12.24,3.94,2.32,1.82,-4.0,-0.08374,0.06281,-0.02333,1000
geom_021,17.68,18.63,12.24,3.94,2.32,1.82,11.0,0.62921,0.20017,0.03626,1000
geom_021,17.68,18.63,12.24,3.94,2.32,1.82,14.0,0.75938,0.26558,0.05422,1000
geom_021,17.68,18.63,12.24,3.94,2.32,1.82,2.0,0.12946,0.05756,0.00152,321
geom_021,17.68,18.63,12.24,3.94,2.32,1.82,5.0,0.29773,0.08195,0.0106,1000
geom_021,17.68,18.63,12.24,3.94,2.32,1.82,8.0,0.48508,0.14257,0.01808,1000
geom_022,19.28,15.91,9.67,3.78,1.95,1.89,-1.0,0.04008,0.04811,-0.02048,337
geom_022,19.28,15.91,9.67,3.78,1.95,1.89,-4.0,-0.05364,0.05454,-0.03121,1000
geom_022,19.28,15.91,9.67,3.78,1.95,1.89,11.0,0.63903,0.18903,0.03565,1000
geom_022,19.28,15.91,9.67,3.78,1.95,1.89,14.0,0.76204,0.24826,0.05685,1000
geom_022,19.28,15.91,9.67,3.78,1.95,1.89,2.0,0.17069,0.05592,-0.00789,1000
geom_022,19.28,15.91,9.67,3.78,1.95,1.89,5.0,0.34391,0.09117,0.00095,1000
geom_022,19.28,15.91,9.67,3.78,1.95,1.89,8.0,0.50499,0.13829,0.01453,1000
geom_023,16.96,19.84,11.03,1.43,1.68,1.66,-1.0,-0.02377,0.05458,-0.00664,240
geom_023,16.96,19.84,11.03,1.43,1.68,1.66,-4.0,-0.11955,0.06673,-0.01799,228
geom_023,16.96,19.84,11.03,1.43,1.68,1.66,11.0,0.62788,0.19389,0.03628,1000
geom_023,16.96,19.84,11.03,1.43,1.68,1.66,14.0,0.77647,0.26489,0.05272,1000
geom_023,16.96,19.84,11.03,1.43,1.68,1.66,2.0,0.10386,0.05644,0.00455,1000
geom_023,16.96,19.84,11.03,1.43,1.68,1.66,5.0,0.27965,0.08418,0.01532,1000
geom_023,16.96,19.84,11.03,1.43,1.68,1.66,8.0,0.45904,0.1332,0.02318,1000
geom_024,20.49,19.14,9.83,2.32,2.89,2.7,-1.0,0.00668,0.04939,-0.01359,1000
geom_024,20.49,19.14,9.83,2.32,2.89,2.7,-4.0,-0.08564,0.05929,-0.02591,222
geom_024,20.49,19.14,9.83,2.32,2.89,2.7,11.0,0.59753,0.16775,0.04304,1000
geom_024,20.49,19.14,9.83,2.32,2.89,2.7,14.0,0.75907,0.23598,0.06235,1000
geom_024,20.49,19.14,9.83,2.32,2.89,2.7,2.0,0.13156,0.05574,-0.002,1000
geom_024,20.49,19.14,9.83,2.32,2.89,2.7,5.0,0.29488,0.08196,0.01096,1000
geom_024,20.49,19.14,9.83,2.32,2.89,2.7,8.0,0.4465,0.1178,0.02499,1000
geom_025,17.28,18.42,12.46,5.99,3.22,1.97,-1.0,0.02046,0.05251,-0.0133,243
geom_025,17.28,18.42,12.46,5.99,3.22,1.97,-4.0,-0.06664,0.06207,-0.02524,1000
geom_025,17.28,18.42,12.46,5.99,3.22,1.97,11.0,0.60156,0.18331,0.04096,1000
geom_025,17.28,18.42,12.46,5.99,3.22,1.97,14.0,0.74118,0.25172,0.05716,1000
geom_025,17.28,18.42,12.46,5.99,3.22,1.97,2.0,0.13683,0.05774,-0.00065,1000
geom_025,17.28,18.42,12.46,5.99,3.22,1.97,5.0,0.30159,0.08252,0.00977,326
geom_025,17.28,18.42,12.46,5.99,3.22,1.97,8.0,0.45483,0.12535,0.02487,1000
geom_026,16.86,19.51,10.89,2.06,2.53,1.96,-1.0,-0.01897,0.05376,-0.00855,208
geom_026,16.86,19.51,10.89,2.06,2.53,1.96,-4.0,-0.11304,0.06559,-0.01991,248
geom_026,16.86,19.51,10.89,2.06,2.53,1.96,11.0,0.62542,0.18867,0.037,1000
geom_026,16.86,19.51,10.89,2.06,2.53,1.96,14.0,0.77405,0.26016,0.05364,1000
geom_026,16.86,19.51,10.89,2.06,2.53,1.96,2.0,0.11502,0.05963,0.00121,1000
geom_026,16.86,19.51,10.89,2.06,2.53,1.96,5.0,0.28918,0.08642,0.01243,1000
geom_026,16.86,19.51,10.89,2.06,2.53,1.96,8.0,0.46314,0.13191,0.02181,1000
geom_027,11.24,13.5,10.58,5.3,2.22,2.89,-1.0,0.05914,0.06318,-0.02786,1000
geom_027,11.24,13.5,10.58,5.3,2.22,2.89,-4.0,-0.07539,0.06227,-0.03273,1000
geom_027,11.24,13.5,10.58,5.3,2.22,2.89,11.0,0.6738,0.20701,0.03162,1000
geom_027,11.24,13.5,10.58,5.3,2.22,2.89,14.0,0.80675,0.26884,0.05105,1000
geom_027,11.24,13.5,10.58,5.3,2.22,2.89,2.0,0.20863,0.07726,-0.01706,1000
geom_027,11.24,13.5,10.58,5.3,2.22,2.89,5.0,0.37232,0.10892,-0.00519,1000
geom_027,11.24,13.5,10.58,5.3,2.22,2.89,8.0,0.53262,0.15584,0.01024,1000
geom_028,10.13,15.04,11.41,1.45,2.12,2.11,-1.0,0.03729,0.0607,-0.02076,1000
geom_028,10.13,15.04,11.41,1.45,2.12,2.11,-4.0,-0.08157,0.0618,-0.02561,189
geom_028,10.13,15.04,11.41,1.45,2.12,2.11,11.0,0.69396,0.22446,0.02768,1000
geom_028,10.13,15.04,11.41,1.45,2.12,2.11,14.0,0.82375,0.29022,0.04415,177
geom_028,10.13,15.04,11.41,1.45,2.12,2.11,2.0,0.20371,0.07863,-0.01582,1000
geom_028,10.13,15.04,11.41,1.45,2.12,2.11,5.0,0.39927,0.12182,-0.00957,1000
geom_028,10.13,15.04,11.41,1.45,2.12,2.11,8.0,0.55179,0.16744,0.00935,1000
geom_029,13.79,16.92,9.05,3.88,2.52,1.8,-1.0,0.00686,0.0524,-0.01497,1000
geom_029,13.79,16.92,9.05,3.88,2.52,1.8,-4.0,-0.09341,0.06002,-0.02313,211
geom_029,13.79,16.92,9.05,3.88,2.52,1.8,11.0,0.67937,0.20367,0.02236,1000
geom_029,13.79,16.92,9.05,3.88,2.52,1.8,14.0,0.82067,0.26761,0.04346,1000
geom_029,13.79,16.92,9.05,3.88,2.52,1.8,2.0,0.16449,0.06511,-0.01042,672
geom_029,13.79,16.92,9.05,3.88,2.52,1.8,5.0,0.33675,0.0928,-0.00175,1000
geom_029,13.79,16.92,9.05,3.88,2.52,1.8,8.0,0.52099,0.14677,0.00524,1000
geom_030,18.64,14.57,10.05,5.14,2.34,2.83,-1.0,0.02858,0.04953,-0.01864,1000
geom_030,18.64,14.57,10.05,5.14,2.34,2.83,-4.0,-0.0766,0.05432,-0.02852,204
geom_030,18.64,14.57,10.05,5.14,2.34,2.83,11.0,0.60827,0.17716,0.045,1000
geom_030,18.64,14.57,10.05,5.14,2.34,2.83,14.0,0.73865,0.23627,0.06625,1000
geom_030,18.64,14.57,10.05,5.14,2.34,2.83,2.0,0.17778,0.06291,-0.00811,1000
geom_030,18.64,14.57,10.05,5.14,2.34,2.83,5.0,0.32922,0.0911,0.00652,1000
geom_030,18.64,14.57,10.05,5.14,2.34,2.83,8.0,0.4756,0.13147,0.02387,1000
geom_031,22.2,16.97,13.01,4.55,2.56,2.13,-1.0,0.00419,0.05183,-0.00972,1000
geom_031,22.2,16.97,13.01,4.55,2.56,2.13,-4.0,-0.08866,0.06106,-0.0239,260
geom_031,22.2,16.97,13.01,4.55,2.56,2.13,11.0,0.5586,0.17416,0.05464,1000
geom_031,22.2,16.97,13.01,4.55,2.56,2.13,14.0,0.68471,0.23493,0.06979,1000
geom_031,22.2,16.97,13.01,4.55,2.56,2.13,2.0,0.12081,0.05685,0.00565,407
geom_031,22.2,16.97,13.01,4.55,2.56,2.13,5.0,0.2714,0.08185,0.02194,1000
geom_031,22.2,16.97,13.01,4.55,2.56,2.13,8.0,0.41478,0.12213,0.03846,1000
geom_032,20.78,14.94,12.37,4.47,2.68,2.56,-1.0,0.01007,0.05206,-0.01217,612
geom_032,20.78,14.94,12.37,4.47,2.68,2.56,-4.0,-0.09197,0.05781,-0.02396,1000
geom_032,20.78,14.94,12.37,4.47,2.68,2.56,11.0,0.59585,0.19072,0.0503,1000
geom_032,20.78,14.94,12.37,4.47,2.68,2.56,14.0,0.71541,0.25054,0.06672,1000
geom_032,20.78,14.94,12.37,4.47,2.68,2.56,2.0,0.13361,0.05927,0.00439,1000
geom_032,20.78,14.94,12.37,4.47,2.68,2.56,5.0,0.31238,0.09212,0.0122,1000
geom_032,20.78,14.94,12.37,4.47,2.68,2.56,8.0,0.46709,0.14108,0.0292,1000
geom_033,22.91,18.33,14.72,4.26,1.63,2.49,-1.0,-0.01126,0.05455,-0.00343,1000
geom_033,22.91,18.33,14.72,4.26,1.63,2.49,-4.0,-0.10636,0.06484,-0.01863,270
geom_033,22.91,18.33,14.72,4.26,1.63,2.49,11.0,0.53882,0.18582,0.05849,1000
geom_033,22.91,18.33,14.72,4.26,1.63,2.49,14.0,0.67011,0.25563,0.06956,1000
geom_033,22.91,18.33,14.72,4.26,1.63,2.49,2.0,0.10386,0.0607,0.01273,1000
geom_033,22.91,18.33,14.72,4.26,1.63,2.49,5.0,0.23436,0.08315,0.03091,1000
geom_033,22.91,18.33,14.72,4.26,1.63,2.49,8.0,0.39807,0.12629,0.04435,1000
geom_034,14.32,17.09,10.64,1.38,2.21,2.04,-1.0,0.00419,0.05411,-0.01312,1000
geom_034,14.32,17.09,10.64,1.38,2.21,2.04,-4.0,-0.09563,0.0611,-0.02171,200
geom_034,14.32,17.09,10.64,1.38,2.21,2.04,11.0,0.65891,0.20228,0.03306,1000
geom_034,14.32,17.09,10.64,1.38,2.21,2.04,14.0,0.7845,0.26289,0.05365,1000
geom_034,14.32,17.09,10.64,1.38,2.21,2.04,2.0,0.16704,0.07168,-0.01091,1000
geom_034,14.32,17.09,10.64,1.38,2.21,2.04,5.0,0.36093,0.10592,-0.00532,1000
geom_034,14.32,17.09,10.64,1.38,2.21,2.04,8.0,0.51904,0.14822,0.01245,1000
geom_035,16.47,16.08,7.63,5.64,2.98,2.99,-1.0,0.02816,0.04973,-0.02106,1000
geom_035,16.47,16.08,7.63,5.64,2.98,2.99,-4.0,-0.07169,0.05565,-0.02928,224
geom_035,16.47,16.08,7.63,5.64,2.98,2.99,11.0,0.66479,0.18793,0.0247,1000
geom_035,16.47,16.08,7.63,5.64,2.98,2.99,14.0,0.81058,0.24772,0.04752,1000
geom_035,16.47,16.08,7.63,5.64,2.98,2.99,2.0,0.197,0.06051,-0.01778,1000
geom_035,16.47,16.08,7.63,5.64,2.98,2.99,5.0,0.35128,0.08837,-0.00597,1000
geom_035,16.47,16.08,7.63,5.64,2.98,2.99,8.0,0.50595,0.13221,0.00762,1000
geom_036,16.83,14.16,8.97,4.04,1.61,3.46,-1.0,0.03154,0.04788,-0.01981,1000
geom_036,16.83,14.16,8.97,4.04,1.61,3.46,-4.0,-0.06741,0.05278,-0.02997,1000
geom_036,16.83,14.16,8.97,4.04,1.61,3.46,11.0,0.65108,0.18634,0.03828,1000
geom_036,16.83,14.16,8.97,4.04,1.61,3.46,14.0,0.77984,0.24632,0.06014,272
geom_036,16.83,14.16,8.97,4.04,1.61,3.46,2.0,0.1935,0.06159,-0.01235,1000
geom_036,16.83,14.16,8.97,4.04,1.61,3.46,5.0,0.36929,0.09546,-0.0039,1000
geom_036,16.83,14.16,8.97,4.04,1.61,3.46,8.0,0.51454,0.13554,0.01599,1000
geom_037,12.87,18.19,9.03,4.37,2.02,2.7,-1.0,0.0027,0.05737,-0.01405,220
geom_037,12.87,18.19,9.03,4.37,2.02,2.7,-4.0,-0.1024,0.06354,-0.02052,199
geom_037,12.87,18.19,9.03,4.37,2.02,2.7,11.0,0.65786,0.19855,0.02421,1000
geom_037,12.87,18.19,9.03,4.37,2.02,2.7,14.0,0.81734,0.26433,0.04343,1000
geom_037,12.87,18.19,9.03,4.37,2.02,2.7,2.0,0.17104,0.07695,-0.01286,1000
geom_037,12.87,18.19,9.03,4.37,2.02,2.7,5.0,0.3281,0.1011,5e-05,1000
geom_037,12.87,18.19,9.03,4.37,2.02,2.7,8.0,0.50207,0.14911,0.00785,1000
geom_038,12.49,17.79,12.25,3.17,2.33,2.1,-1.0,0.00717,0.05876,-0.01216,1000
geom_038,12.49,17.79,12.25,3.17,2.33,2.1,-4.0,-0.09544,0.06523,-0.02018,213
geom_038,12.49,17.79,12.25,3.17,2.33,2.1,11.0,0.67263,0.22054,0.02609,1000
geom_038,12.49,17.79,12.25,3.17,2.33,2.1,14.0,0.81145,0.28784,0.0428,1000
geom_038,12.49,17.79,12.25,3.17,2.33,2.1,2.0,0.17494,0.07948,-0.01061,1000
geom_038,12.49,17.79,12.25,3.17,2.33,2.1,5.0,0.33277,0.10482,0.00383,1000
geom_038,12.49,17.79,12.25,3.17,2.33,2.1,8.0,0.52154,0.16058,0.01067,1000
geom_039,19.76,18.92,9.53,4.6,2.65,1.8,-1.0,0.00937,0.04927,-0.01427,224
geom_039,19.76,18.92,9.53,4.6,2.65,1.8,-4.0,-0.08176,0.05963,-0.02643,286
geom_039,19.76,18.92,9.53,4.6,2.65,1.8,11.0,0.62703,0.18689,0.03125,1000
geom_039,19.76,18.92,9.53,4.6,2.65,1.8,14.0,0.77132,0.24725,0.05243,1000
geom_039,19.76,18.92,9.53,4.6,2.65,1.8,2.0,0.14044,0.05485,-0.0034,379
geom_039,19.76,18.92,9.53,4.6,2.65,1.8,5.0,0.30792,0.08026,0.00509,1000
geom_039,19.76,18.92,9.53,4.6,2.65,1.8,8.0,0.46488,0.12344,0.01809,1000
geom_040,19.33,18.15,10.72,5.93,1.92,1.83,-1.0,0.02163,0.04906,-0.01403,235
geom_040,19.33,18.15,10.72,5.93,1.92,1.83,-4.0,-0.0634,0.05907,-0.02666,408
geom_040,19.33,18.15,10.72,5.93,1.92,1.83,11.0,0.61635,0.18224,0.04011,1000
geom_040,19.33,18.15,10.72,5.93,1.92,1.83,14.0,0.75995,0.25078,0.05911,1000
geom_040,19.33,18.15,10.72,5.93,1.92,1.83,2.0,0.1442,0.05681,-0.00207,225
geom_040,19.33,18.15,10.72,5.93,1.92,1.83,5.0,0.30218,0.08275,0.01048,350
geom_040,19.33,18.15,10.72,5.93,1.92,1.83,8.0,0.46275,0.12611,0.02342,1000
geom_041,18.08,13.36,6.88,2.86,1.81,3.28,-1.0,0.05713,0.05044,-0.02993,1000
geom_041,18.08,13.36,6.88,2.86,1.81,3.28,-4.0,-0.07319,0.05129,-0.03491,1000
geom_041,18.08,13.36,6.88,2.86,1.81,3.28,11.0,0.64002,0.16837,0.04105,1000
geom_041,18.08,13.36,6.88,2.86,1.81,3.28,14.0,0.76949,0.22725,0.06495,158
geom_041,18.08,13.36,6.88,2.86,1.81,3.28,2.0,0.21755,0.06204,-0.01921,1000
geom_041,18.08,13.36,6.88,2.86,1.81,3.28,5.0,0.36629,0.08911,-0.00436,1000
geom_041,18.08,13.36,6.88,2.86,1.81,3.28,8.0,0.50498,0.12333,0.01665,1000
geom_042,20.33,18.87,13.35,1.02,1.65,3.38,-1.0,-0.00345,0.05261,-0.00749,234
geom_042,20.33,18.87,13.35,1.02,1.65,3.38,-4.0,-0.10172,0.06124,-0.02036,258
geom_042,20.33,18.87,13.35,1.02,1.65,3.38,11.0,0.58204,0.19243,0.04749,1000
geom_042,20.33,18.87,13.35,1.02,1.65,3.38,14.0,0.70561,0.25691,0.06077,1000
geom_042,20.33,18.87,13.35,1.02,1.65,3.38,2.0,0.11795,0.05894,0.00619,1000
geom_042,20.33,18.87,13.35,1.02,1.65,3.38,5.0,0.28239,0.08725,0.02039,1000
geom_042,20.33,18.87,13.35,1.02,1.65,3.38,8.0,0.44228,0.13434,0.03238,1000
geom_043,22.81,17.03,11.23,3.75,1.75,1.74,-1.0,0.02499,0.04793,-0.015,1000
geom_043,22.81,17.03,11.23,3.75,1.75,1.74,-4.0,-0.06423,0.0559,-0.02882,1000
geom_043,22.81,17.03,11.23,3.75,1.75,1.74,11.0,0.58783,0.18196,0.04934,1000
geom_043,22.81,17.03,11.23,3.75,1.75,1.74,14.0,0.71909,0.24568,0.06763,1000
geom_043,22.81,17.03,11.23,3.75,1.75,1.74,2.0,0.13808,0.05363,0.00091,1000
geom_043,22.81,17.03,11.23,3.75,1.75,1.74,5.0,0.30756,0.0825,0.01192,1000
geom_043,22.81,17.03,11.23,3.75,1.75,1.74,8.0,0.45298,0.12662,0.03029,1000
geom_044,20.27,19.88,13.74,5.79,2.17,1.7,-1.0,0.01555,0.05251,-0.0101,1000
geom_044,20.27,19.88,13.74,5.79,2.17,1.7,-4.0,-0.06808,0.06274,-0.02363,1000
geom_044,20.27,19.88,13.74,5.79,2.17,1.7,11.0,0.54025,0.16309,0.05569,1000
geom_044,20.27,19.88,13.74,5.79,2.17,1.7,14.0,0.67023,0.227,0.07131,1000
geom_044,20.27,19.88,13.74,5.79,2.17,1.7,2.0,0.12448,0.0574,0.0044,1000
geom_044,20.27,19.88,13.74,5.79,2.17,1.7,5.0,0.28745,0.09041,0.01804,1000
geom_044,20.27,19.88,13.74,5.79,2.17,1.7,8.0,0.4129,0.11458,0.03718,1000
geom_045,11.85,16.3,11.45,1.76,2.54,3.29,-1.0,0.03276,0.0583,-0.01922,1000
geom_045,11.85,16.3,11.45,1.76,2.54,3.29,-4.0,-0.07359,0.06034,-0.02569,199
geom_045,11.85,16.3,11.45,1.76,2.54,3.29,11.0,0.67734,0.21692,0.02759,1000
geom_045,11.85,16.3,11.45,1.76,2.54,3.29,14.0,0.80458,0.28163,0.04415,1000
geom_045,11.85,16.3,11.45,1.76,2.54,3.29,2.0,0.18968,0.07411,-0.01346,1000
geom_045,11.85,16.3,11.45,1.76,2.54,3.29,5.0,0.36139,0.10696,-0.00243,1000
geom_045,11.85,16.3,11.45,1.76,2.54,3.29,8.0,0.5321,0.15896,0.0108,1000
geom_046,20.09,17.63,12.9,4.69,1.73,2.9,-1.0,0.00843,0.05111,-0.00908,236
geom_046,20.09,17.63,12.9,4.69,1.73,2.9,-4.0,-0.08233,0.05984,-0.02263,288
geom_046,20.09,17.63,12.9,4.69,1.73,2.9,11.0,0.56817,0.18038,0.05086,1000
geom_046,20.09,17.63,12.9,4.69,1.73,2.9,14.0,0.69971,0.24556,0.06572,1000
geom_046,20.09,17.63,12.9,4.69,1.73,2.9,2.0,0.12049,0.05638,0.00515,1000
geom_046,20.09,17.63,12.9,4.69,1.73,2.9,5.0,0.27912,0.08559,0.02019,1000
geom_046,20.09,17.63,12.9,4.69,1.73,2.9,8.0,0.42283,0.12462,0.03495,1000
geom_047,10.76,16.26,11.0,5.8,3.08,1.87,-1.0,0.03186,0.05757,-0.01811,298
geom_047,10.76,16.26,11.0,5.8,3.08,1.87,-4.0,-0.06599,0.06119,-0.02468,237
geom_047,10.76,16.26,11.0,5.8,3.08,1.87,11.0,0.7194,0.22575,0.01869,1000
geom_047,10.76,16.26,11.0,5.8,3.08,1.87,14.0,0.85768,0.29108,0.04069,1000
geom_047,10.76,16.26,11.0,5.8,3.08,1.87,2.0,0.19349,0.07782,-0.01741,1000
geom_047,10.76,16.26,11.0,5.8,3.08,1.87,5.0,0.40321,0.12458,-0.01771,1000
geom_047,10.76,16.26,11.0,5.8,3.08,1.87,8.0,0.57135,0.17089,-0.00193,1000
geom_048,20.92,18.14,11.88,0.9,2.41,3.14,-1.0,0.01995,0.05183,-0.01464,1000
geom_048,20.92,18.14,11.88,0.9,2.41,3.14,-4.0,-0.07676,0.05741,-0.02545,205
geom_048,20.92,18.14,11.88,0.9,2.41,3.14,11.0,0.61424,0.19648,0.04333,1000
geom_048,20.92,18.14,11.88,0.9,2.41,3.14,14.0,0.73376,0.25799,0.06141,1000
geom_048,20.92,18.14,11.88,0.9,2.41,3.14,2.0,0.14114,0.06106,-0.00074,1000
geom_048,20.92,18.14,11.88,0.9,2.41,3.14,5.0,0.30561,0.0891,0.01327,1000
geom_048,20.92,18.14,11.88,0.9,2.41,3.14,8.0,0.49331,0.14553,0.02154,1000
geom_049,14.45,18.11,10.26,2.9,3.34,2.15,-1.0,0.01081,0.05369,-0.01398,258
geom_049,14.45,18.11,10.26,2.9,3.34,2.15,-4.0,-0.08003,0.06179,-0.02398,205
geom_049,14.45,18.11,10.26,2.9,3.34,2.15,11.0,0.65969,0.19845,0.03085,1000
geom_049,14.45,18.11,10.26,2.9,3.34,2.15,14.0,0.79806,0.26318,0.0505,1000
geom_049,14.45,18.11,10.26,2.9,3.34,2.15,2.0,0.1559,0.06731,-0.00852,1000
geom_049,14.45,18.11,10.26,2.9,3.34,2.15,5.0,0.32259,0.09371,0.00425,1000
geom_049,14.45,18.11,10.26,2.9,3.34,2.15,8.0,0.49106,0.13891,0.01617,1000
geom_050,22.94,14.77,10.39,1.26,1.67,3.1,-1.0,0.01033,0.0484,-0.01555,1000
geom_050,22.94,14.77,10.39,1.26,1.67,3.1,-4.0,-0.09895,0.05309,-0.02675,520
geom_050,22.94,14.77,10.39,1.26,1.67,3.1,11.0,0.57187,0.17504,0.05419,1000
geom_050,22.94,14.77,10.39,1.26,1.67,3.1,14.0,0.68377,0.23171,0.0693,1000
geom_050,22.94,14.77,10.39,1.26,1.67,3.1,2.0,0.14442,0.05658,0.00121,1000
geom_050,22.94,14.77,10.39,1.26,1.67,3.1,5.0,0.33135,0.09283,0.00895,1000
geom_050,22.94,14.77,10.39,1.26,1.67,3.1,8.0,0.45317,0.12954,0.03241,1000
geom_051,14.75,18.86,14.66,2.37,1.66,1.8,-1.0,-0.00318,0.05746,-0.0041,294
geom_051,14.75,18.86,14.66,2.37,1.66,1.8,-4.0,-0.09359,0.06677,-0.01645,274
geom_051,14.75,18.86,14.66,2.37,1.66,1.8,11.0,0.6364,0.2272,0.03228,1000
geom_051,14.75,18.86,14.66,2.37,1.66,1.8,14.0,0.76813,0.29695,0.04468,1000
geom_051,14.75,18.86,14.66,2.37,1.66,1.8,2.0,0.11648,0.06546,0.00791,1000
geom_051,14.75,18.86,14.66,2.37,1.66,1.8,5.0,0.28842,0.10705,0.01367,1000
geom_051,14.75,18.86,14.66,2.37,1.66,1.8,8.0,0.48744,0.16784,0.01859,1000
geom_052,13.56,19.97,9.77,1.31,1.72,2.86,-1.0,-0.0289,0.05817,-0.00551,1000
geom_052,13.56,19.97,9.77,1.31,1.72,2.86,-4.0,-0.12595,0.06903,-0.0156,206
geom_052,13.56,19.97,9.77,1.31,1.72,2.86,11.0,0.65068,0.20786,0.02616,1000
geom_052,13.56,19.97,9.77,1.31,1.72,2.86,14.0,0.80145,0.27452,0.04467,1000
geom_052,13.56,19.97,9.77,1.31,1.72,2.86,2.0,0.11988,0.07152,-0.00107,1000
geom_052,13.56,19.97,9.77,1.31,1.72,2.86,5.0,0.29516,0.09826,0.00517,1000
geom_052,13.56,19.97,9.77,1.31,1.72,2.86,8.0,0.46947,0.14031,0.01624,1000
geom_053,21.33,14.27,9.72,3.83,1.96,2.21,-1.0,0.01967,0.04769,-0.01732,423
geom_053,21.33,14.27,9.72,3.83,1.96,2.21,-4.0,-0.08353,0.05358,-0.02884,425
geom_053,21.33,14.27,9.72,3.83,1.96,2.21,11.0,0.60074,0.1712,0.05116,1000
geom_053,21.33,14.27,9.72,3.83,1.96,2.21,14.0,0.72368,0.22814,0.07167,1000
geom_053,21.33,14.27,9.72,3.83,1.96,2.21,2.0,0.15916,0.05658,-0.00401,1000
geom_053,21.33,14.27,9.72,3.83,1.96,2.21,5.0,0.34035,0.08833,0.00521,1000
geom_053,21.33,14.27,9.72,3.83,1.96,2.21,8.0,0.47675,0.12634,0.02734,1000
geom_054,13.18,17.65,8.85,1.61,3.03,1.98,-1.0,-0.01391,0.05444,-0.01148,1000
geom_054,13.18,17.65,8.85,1.61,3.03,1.98,-4.0,-0.11819,0.0643,-0.01991,199
geom_054,13.18,17.65,8.85,1.61,3.03,1.98,11.0,0.65791,0.19871,0.02724,1000
geom_054,13.18,17.65,8.85,1.61,3.03,1.98,14.0,0.79352,0.25989,0.04703,227
geom_054,13.18,17.65,8.85,1.61,3.03,1.98,2.0,0.13915,0.06258,-0.00525,1000
geom_054,13.18,17.65,8.85,1.61,3.03,1.98,5.0,0.34332,0.10286,-0.00354,1000
geom_054,13.18,17.65,8.85,1.61,3.03,1.98,8.0,0.51328,0.1484,0.00778,1000
geom_055,22.66,16.84,11.5,3.29,2.17,2.03,-1.0,0.01848,0.04937,-0.01439,1000
geom_055,22.66,16.84,11.5,3.29,2.17,2.03,-4.0,-0.07475,0.0565,-0.0277,1000
geom_055,22.66,16.84,11.5,3.29,2.17,2.03,11.0,0.58338,0.1809,0.05169,1000
geom_055,22.66,16.84,11.5,3.29,2.17,2.03,14.0,0.70627,0.24159,0.06948,1000
geom_055,22.66,16.84,11.5,3.29,2.17,2.03,2.0,0.13384,0.05525,0.00144,1000
geom_055,22.66,16.84,11.5,3.29,2.17,2.03,5.0,0.28961,0.08223,0.01723,1000
geom_055,22.66,16.84,11.5,3.29,2.17,2.03,8.0,0.44225,0.12256,0.03405,1000
geom_056,10.56,18.57,11.04,4.83,1.85,2.96,-1.0,-0.00017,0.05767,-0.01016,275
geom_056,10.56,18.57,11.04,4.83,1.85,2.96,-4.0,-0.0983,0.06574,-0.01831,197
geom_056,10.56,18.57,11.04,4.83,1.85,2.96,11.0,0.70196,0.22935,0.0156,1000
geom_056,10.56,18.57,11.04,4.83,1.85,2.96,14.0,0.85198,0.30042,0.03416,1000
geom_056,10.56,18.57,11.04,4.83,1.85,2.96,2.0,0.15025,0.07011,-0.00544,1000
geom_056,10.56,18.57,11.04,4.83,1.85,2.96,5.0,0.3109,0.0969,0.00347,1000
geom_056,10.56,18.57,11.04,4.83,1.85,2.96,8.0,0.52574,0.16312,0.00247,1000
geom_057,20.81,16.98,10.86,2.74,2.62,2.71,-1.0,0.02365,0.04861,-0.01589,1000
geom_057,20.81,16.98,10.86,2.74,2.62,2.71,-4.0,-0.07123,0.05529,-0.02806,216
geom_057,20.81,16.98,10.86,2.74,2.62,2.71,11.0,0.61507,0.19016,0.04389,1000
geom_057,20.81,16.98,10.86,2.74,2.62,2.71,14.0,0.73656,0.25064,0.06322,1000
geom_057,20.81,16.98,10.86,2.74,2.62,2.71,2.0,0.15277,0.05837,-0.00267,1000
geom_057,20.81,16.98,10.86,2.74,2.62,2.71,5.0,0.34968,0.1002,0.00105,1000
geom_057,20.81,16.98,10.86,2.74,2.62,2.71,8.0,0.48746,0.14003,0.02179,1000
geom_058,10.67,16.2,12.36,4.35,3.02,2.95,-1.0,0.0374,0.05729,-0.01713,207
geom_058,10.67,16.2,12.36,4.35,3.02,2.95,-4.0,-0.07552,0.06163,-0.02549,214
geom_058,10.67,16.2,12.36,4.35,3.02,2.95,11.0,0.67139,0.20937,0.03038,1000
geom_058,10.67,16.2,12.36,4.35,3.02,2.95,14.0,0.81245,0.2788,0.04472,1000
geom_058,10.67,16.2,12.36,4.35,3.02,2.95,2.0,0.1825,0.07,-0.00802,237
geom_058,10.67,16.2,12.36,4.35,3.02,2.95,5.0,0.34709,0.10233,0.00145,1000
geom_058,10.67,16.2,12.36,4.35,3.02,2.95,8.0,0.5122,0.15012,0.01401,1000
geom_059,18.14,14.23,9.87,1.01,2.12,1.69,-1.0,0.02892,0.04984,-0.02084,1000
geom_059,18.14,14.23,9.87,1.01,2.12,1.69,-4.0,-0.08076,0.05433,-0.03102,1000
geom_059,18.14,14.23,9.87,1.01,2.12,1.69,11.0,0.60066,0.17801,0.04559,1000
geom_059,18.14,14.23,9.87,1.01,2.12,1.69,14.0,0.71897,0.23684,0.06214,1000
geom_059,18.14,14.23,9.87,1.01,2.12,1.69,2.0,0.18246,0.06097,-0.00927,1000
geom_059,18.14,14.23,9.87,1.01,2.12,1.69,5.0,0.34312,0.09235,0.00399,1000
geom_059,18.14,14.23,9.87,1.01,2.12,1.69,8.0,0.47486,0.1297,0.02469,1000
geom_060,19.92,18.69,10.42,5.9,3.31,2.0,-1.0,0.03275,0.04907,-0.01687,507
geom_060,19.92,18.69,10.42,5.9,3.31,2.0,-4.0,-0.04596,0.0583,-0.02981,1000
geom_060,19.92,18.69,10.42,5.9,3.31,2.0,11.0,0.6167,0.1771,0.0383,1000
geom_060,19.92,18.69,10.42,5.9,3.31,2.0,14.0,0.77408,0.25084,0.0558,1000
geom_060,19.92,18.69,10.42,5.9,3.31,2.0,2.0,0.14076,0.05386,-0.00361,1000
geom_060,19.92,18.69,10.42,5.9,3.31,2.0,5.0,0.31954,0.08233,0.00338,1000
geom_060,19.92,18.69,10.42,5.9,3.31,2.0,8.0,0.47099,0.1241,0.01939,1000
geom_061,10.68,13.12,9.37,4.23,1.97,3.36,-1.0,0.09523,0.0674,-0.03875,1000
geom_061,10.68,13.12,9.37,4.23,1.97,3.36,-4.0,-0.05396,0.06245,-0.041,1000
geom_061,10.68,13.12,9.37,4.23,1.97,3.36,11.0,0.69296,0.20038,0.02863,1000
geom_061,10.68,13.12,9.37,4.23,1.97,3.36,14.0,0.82591,0.26214,0.04939,1000
geom_061,10.68,13.12,9.37,4.23,1.97,3.36,2.0,0.24363,0.0811,-0.02644,1000
geom_061,10.68,13.12,9.37,4.23,1.97,3.36,5.0,0.4099,0.1129,-0.01403,1000
geom_061,10.68,13.12,9.37,4.23,1.97,3.36,8.0,0.55619,0.15201,0.00574,150
geom_062,21.01,18.0,12.63,5.45,2.33,3.02,-1.0,0.01711,0.0503,-0.01165,259
geom_062,21.01,18.0,12.63,5.45,2.33,3.02,-4.0,-0.06839,0.05874,-0.02534,269
geom_062,21.01,18.0,12.63,5.45,2.33,3.02,11.0,0.59187,0.18995,0.04504,1000
geom_062,21.01,18.0,12.63,5.45,2.33,3.02,14.0,0.71823,0.24939,0.06404,1000
geom_062,21.01,18.0,12.63,5.45,2.33,3.02,2.0,0.12656,0.0564,0.00257,1000
geom_062,21.01,18.0,12.63,5.45,2.33,3.02,5.0,0.28373,0.08538,0.01803,1000
geom_062,21.01,18.0,12.63,5.45,2.33,3.02,8.0,0.45335,0.13418,0.02702,1000
geom_063,22.52,16.25,11.17,0.69,2.93,2.49,-1.0,0.01772,0.05008,-0.01688,1000
geom_063,22.52,16.25,11.17,0.69,2.93,2.49,-4.0,-0.08786,0.05588,-0.02848,1000
geom_063,22.52,16.25,11.17,0.69,2.93,2.49,11.0,0.58087,0.18059,0.05108,1000
geom_063,22.52,16.25,11.17,0.69,2.93,2.49,14.0,0.69206,0.23847,0.06606,255
geom_063,22.52,16.25,11.17,0.69,2.93,2.49,2.0,0.1491,0.05795,-0.00086,1000
geom_063,22.52,16.25,11.17,0.69,2.93,2.49,5.0,0.3184,0.0888,0.01177,1000
geom_063,22.52,16.25,11.17,0.69,2.93,2.49,8.0,0.46076,0.13245,0.03086,1000
geom_064,14.49,16.31,10.98,5.7,2.4,2.4,-1.0,0.02869,0.05217,-0.0158,354
geom_064,14.49,16.31,10.98,5.7,2.4,2.4,-4.0,-0.0628,0.05768,-0.02548,231
geom_064,14.49,16.31,10.98,5.7,2.4,2.4,11.0,0.65145,0.19806,0.03447,1000
geom_064,14.49,16.31,10.98,5.7,2.4,2.4,14.0,0.78789,0.26171,0.05406,1000
geom_064,14.49,16.31,10.98,5.7,2.4,2.4,2.0,0.17399,0.06609,-0.00918,1000
geom_064,14.49,16.31,10.98,5.7,2.4,2.4,5.0,0.33632,0.0941,0.00367,1000
geom_064,14.49,16.31,10.98,5.7,2.4,2.4,8.0,0.50019,0.14038,0.01725,1000
geom_065,12.46,13.62,8.74,2.34,1.68,2.78,-1.0,0.08927,0.06468,-0.03834,1000
geom_065,12.46,13.62,8.74,2.34,1.68,2.78,-4.0,-0.05996,0.05691,-0.03513,1000
geom_065,12.46,13.62,8.74,2.34,1.68,2.78,11.0,0.69652,0.20188,0.02978,1000
geom_065,12.46,13.62,8.74,2.34,1.68,2.78,14.0,0.82556,0.26426,0.05155,1000
geom_065,12.46,13.62,8.74,2.34,1.68,2.78,2.0,0.25309,0.08164,-0.02908,1000
geom_065,12.46,13.62,8.74,2.34,1.68,2.78,5.0,0.4175,0.11203,-0.01475,1000
geom_065,12.46,13.62,8.74,2.34,1.68,2.78,8.0,0.56095,0.15199,0.00653,196
geom_066,14.46,15.39,13.08,0.43,3.01,3.36,-1.0,0.00449,0.05852,-0.01211,1000
geom_066,14.46,15.39,13.08,0.43,3.01,3.36,-4.0,-0.10559,0.06241,-0.02092,270
geom_066,14.46,15.39,13.08,0.43,3.01,3.36,11.0,0.61075,0.19617,0.03995,233
geom_066,14.46,15.39,13.08,0.43,3.01,3.36,14.0,0.73452,0.25889,0.05307,187
geom_066,14.46,15.39,13.08,0.43,3.01,3.36,2.0,0.1591,0.07166,-0.00348,285
geom_066,14.46,15.39,13.08,0.43,3.01,3.36,5.0,0.31751,0.09891,0.012,1000
geom_066,14.46,15.39,13.08,0.43,3.01,3.36,8.0,0.4654,0.13992,0.02685,1000
geom_067,17.16,15.33,9.7,1.98,2.51,3.2,-1.0,0.03311,0.05188,-0.02139,1000
geom_067,17.16,15.33,9.7,1.98,2.51,3.2,-4.0,-0.07568,0.05486,-0.02874,289
geom_067,17.16,15.33,9.7,1.98,2.51,3.2,11.0,0.63111,0.18378,0.04129,187
geom_067,17.16,15.33,9.7,1.98,2.51,3.2,14.0,0.7587,0.24631,0.06057,154
geom_067,17.16,15.33,9.7,1.98,2.51,3.2,2.0,0.18769,0.06286,-0.01151,1000
geom_067,17.16,15.33,9.7,1.98,2.51,3.2,5.0,0.36541,0.09631,-0.00346,1000
geom_067,17.16,15.33,9.7,1.98,2.51,3.2,8.0,0.50265,0.13359,0.01862,1000
geom_068,13.53,17.32,11.57,4.24,2.69,1.68,-1.0,0.02624,0.05345,-0.01378,305
geom_068,13.53,17.32,11.57,4.24,2.69,1.68,-4.0,-0.05986,0.06058,-0.02345,1000
geom_068,13.53,17.32,11.57,4.24,2.69,1.68,11.0,0.69667,0.21924,0.02365,1000
geom_068,13.53,17.32,11.57,4.24,2.69,1.68,14.0,0.8278,0.28346,0.04482,1000
geom_068,13.53,17.32,11.57,4.24,2.69,1.68,2.0,0.15863,0.06524,-0.00591,1000
geom_068,13.53,17.32,11.57,4.24,2.69,1.68,5.0,0.33908,0.09654,0.00038,1000
geom_068,13.53,17.32,11.57,4.24,2.69,1.68,8.0,0.54051,0.15781,0.00659,1000
geom_069,18.35,15.41,10.39,5.6,2.38,3.49,-1.0,0.02446,0.04938,-0.01657,326
geom_069,18.35,15.41,10.39,5.6,2.38,3.49,-4.0,-0.07676,0.05473,-0.02662,226
geom_069,18.35,15.41,10.39,5.6,2.38,3.49,11.0,0.62902,0.1911,0.03948,1000
geom_069,18.35,15.41,10.39,5.6,2.38,3.49,14.0,0.75569,0.25059,0.06103,1000
geom_069,18.35,15.41,10.39,5.6,2.38,3.49,2.0,0.17202,0.06354,-0.00759,1000
geom_069,18.35,15.41,10.39,5.6,2.38,3.49,5.0,0.36223,0.10211,-0.00349,1000
geom_069,18.35,15.41,10.39,5.6,2.38,3.49,8.0,0.50019,0.14221,0.01695,1000
geom_070,15.63,16.5,8.47,0.99,2.04,3.16,-1.0,-0.00504,0.05267,-0.01505,1000
geom_070,15.63,16.5,8.47,0.99,2.04,3.16,-4.0,-0.11747,0.05982,-0.02281,217
geom_070,15.63,16.5,8.47,0.99,2.04,3.16,11.0,0.64074,0.18172,0.03785,1000
geom_070,15.63,16.5,8.47,0.99,2.04,3.16,14.0,0.77963,0.24418,0.05829,1000
geom_070,15.63,16.5,8.47,0.99,2.04,3.16,2.0,0.18065,0.06905,-0.01242,1000
geom_070,15.63,16.5,8.47,0.99,2.04,3.16,5.0,0.34087,0.09589,0.00052,1000
geom_070,15.63,16.5,8.47,0.99,2.04,3.16,8.0,0.4972,0.13535,0.01604,1000
geom_071,17.94,13.81,9.97,3.49,1.62,1.78,-1.0,0.02268,0.04903,-0.01772,1000
geom_071,17.94,13.81,9.97,3.49,1.62,1.78,-4.0,-0.08203,0.05419,-0.02781,1000
geom_071,17.94,13.81,9.97,3.49,1.62,1.78,11.0,0.61283,0.18029,0.04455,1000
geom_071,17.94,13.81,9.97,3.49,1.62,1.78,14.0,0.7347,0.23881,0.06297,1000
geom_071,17.94,13.81,9.97,3.49,1.62,1.78,2.0,0.17118,0.05979,-0.0059,1000
geom_071,17.94,13.81,9.97,3.49,1.62,1.78,5.0,0.35564,0.09649,0.00032,1000
geom_071,17.94,13.81,9.97,3.49,1.62,1.78,8.0,0.48678,0.13354,0.02193,1000
geom_072,19.24,17.37,8.82,3.44,2.16,3.07,-1.0,-0.00141,0.04871,-0.01378,287
geom_072,19.24,17.37,8.82,3.44,2.16,3.07,-4.0,-0.10083,0.05783,-0.02433,219
geom_072,19.24,17.37,8.82,3.44,2.16,3.07,11.0,0.61977,0.17399,0.03787,1000
geom_072,19.24,17.37,8.82,3.44,2.16,3.07,14.0,0.77658,0.24113,0.05843,1000
geom_072,19.24,17.37,8.82,3.44,2.16,3.07,2.0,0.15118,0.05907,-0.00643,1000
geom_072,19.24,17.37,8.82,3.44,2.16,3.07,5.0,0.32084,0.08826,0.00451,1000
geom_072,19.24,17.37,8.82,3.44,2.16,3.07,8.0,0.47363,0.12792,0.01891,1000
geom_073,22.02,14.71,11.91,1.4,2.09,2.8,-1.0,-0.00664,0.05132,-0.00982,1000
geom_073,22.02,14.71,11.91,1.4,2.09,2.8,-4.0,-0.11524,0.05769,-0.02262,275
geom_073,22.02,14.71,11.91,1.4,2.09,2.8,11.0,0.55972,0.18069,0.05489,1000
geom_073,22.02,14.71,11.91,1.4,2.09,2.8,14.0,0.67271,0.2389,0.068,1000
geom_073,22.02,14.71,11.91,1.4,2.09,2.8,2.0,0.1295,0.06262,0.00398,1000
geom_073,22.02,14.71,11.91,1.4,2.09,2.8,5.0,0.29355,0.09241,0.01916,1000
geom_073,22.02,14.71,11.91,1.4,2.09,2.8,8.0,0.43277,0.13166,0.03796,1000
geom_074,10.51,15.17,12.73,5.24,2.6,3.06,-1.0,0.04263,0.062,-0.02238,1000
geom_074,10.51,15.17,12.73,5.24,2.6,3.06,-4.0,-0.0717,0.06166,-0.02729,225
geom_074,10.51,15.17,12.73,5.24,2.6,3.06,11.0,0.68362,0.2151,0.02409,1000
geom_074,10.51,15.17,12.73,5.24,2.6,3.06,14.0,0.81553,0.27766,0.04355,1000
geom_074,10.51,15.17,12.73,5.24,2.6,3.06,2.0,0.21518,0.08311,-0.02209,1000
geom_074,10.51,15.17,12.73,5.24,2.6,3.06,5.0,0.39159,0.11777,-0.01303,1000
geom_074,10.51,15.17,12.73,5.24,2.6,3.06,8.0,0.54778,0.16394,0.00341,1000
geom_075,16.45,14.37,9.05,5.81,1.63,1.94,-1.0,0.04277,0.04832,-0.02108,1000
geom_075,16.45,14.37,9.05,5.81,1.63,1.94,-4.0,-0.05207,0.05361,-0.03078,219
geom_075,16.45,14.37,9.05,5.81,1.63,1.94,11.0,0.66182,0.19061,0.03054,1000
geom_075,16.45,14.37,9.05,5.81,1.63,1.94,14.0,0.79272,0.25094,0.05197,1000
geom_075,16.45,14.37,9.05,5.81,1.63,1.94,2.0,0.18745,0.05971,-0.0114,1000
geom_075,16.45,14.37,9.05,5.81,1.63,1.94,5.0,0.36483,0.09648,-0.00433,1000
geom_075,16.45,14.37,9.05,5.81,1.63,1.94,8.0,0.51677,0.13675,0.01125,1000
geom_076,21.93,14.41,10.86,2.2,3.13,2.41,-1.0,0.00655,0.04968,-0.01499,1000
geom_076,21.93,14.41,10.86,2.2,3.13,2.41,-4.0,-0.10609,0.05555,-0.02705,1000
geom_076,21.93,14.41,10.86,2.2,3.13,2.41,11.0,0.5599,0.17008,0.05663,1000
geom_076,21.93,14.41,10.86,2.2,3.13,2.41,14.0,0.67734,0.22763,0.0727,1000
geom_076,21.93,14.41,10.86,2.2,3.13,2.41,2.0,0.14155,0.05675,0.00162,350
geom_076,21.93,14.41,10.86,2.2,3.13,2.41,5.0,0.30114,0.08797,0.01583,182
geom_076,21.93,14.41,10.86,2.2,3.13,2.41,8.0,0.43748,0.12354,0.03739,1000
geom_077,15.02,16.12,9.66,5.79,2.81,1.82,-1.0,0.03648,0.05036,-0.01911,1000
geom_077,15.02,16.12,9.66,5.79,2.81,1.82,-4.0,-0.05397,0.0564,-0.02824,1000
geom_077,15.02,16.12,9.66,5.79,2.81,1.82,11.0,0.67446,0.20094,0.02536,1000
geom_077,15.02,16.12,9.66,5.79,2.81,1.82,14.0,0.81462,0.26405,0.04667,1000
geom_077,15.02,16.12,9.66,5.79,2.81,1.82,2.0,0.17616,0.06209,-0.01191,1000
geom_077,15.02,16.12,9.66,5.79,2.81,1.82,5.0,0.34909,0.09552,-0.00257,1000
geom_077,15.02,16.12,9.66,5.79,2.81,1.82,8.0,0.51842,0.1448,0.00837,1000
geom_078,14.09,13.8,8.09,3.6,2.18,3.22,-1.0,0.06572,0.05118,-0.02971,1000
geom_078,14.09,13.8,8.09,3.6,2.18,3.22,-4.0,-0.04438,0.05235,-0.03491,319
geom_078,14.09,13.8,8.09,3.6,2.18,3.22,14.0,0.81298,0.25321,0.05401,1000
geom_078,14.09,13.8,8.09,3.6,2.18,3.22,2.0,0.223,0.06222,-0.022,1000
geom_078,14.09,13.8,8.09,3.6,2.18,3.22,5.0,0.40943,0.10398,-0.01567,1000
geom_078,14.09,13.8,8.09,3.6,2.18,3.22,8.0,0.55104,0.14274,0.00583,1000
geom_079,11.72,17.94,10.3,4.64,3.13,3.02,-1.0,0.04012,0.06271,-0.02168,1000
geom_079,11.72,17.94,10.3,4.64,3.13,3.02,-4.0,-0.06554,0.06127,-0.02454,228
geom_079,11.72,17.94,10.3,4.64,3.13,3.02,11.0,0.71188,0.22559,0.0152,1000
geom_079,11.72,17.94,10.3,4.64,3.13,3.02,14.0,0.85775,0.29067,0.03714,1000
geom_079,11.72,17.94,10.3,4.64,3.13,3.02,2.0,0.18544,0.07721,-0.01544,1000
geom_079,11.72,17.94,10.3,4.64,3.13,3.02,5.0,0.34778,0.10627,-0.00585,1000
geom_079,11.72,17.94,10.3,4.64,3.13,3.02,8.0,0.55796,0.17067,-0.00413,1000
geom_080,16.72,16.37,9.86,5.65,2.1,1.61,-1.0,0.02882,0.04973,-0.01752,269
geom_080,16.72,16.37,9.86,5.65,2.1,1.61,-4.0,-0.06465,0.05763,-0.02818,1000
geom_080,16.72,16.37,9.86,5.65,2.1,1.61,11.0,0.66522,0.19516,0.03048,1000
geom_080,16.72,16.37,9.86,5.65,2.1,1.61,14.0,0.80634,0.26083,0.0516,1000
geom_080,16.72,16.37,9.86,5.65,2.1,1.61,2.0,0.17111,0.05901,-0.00729,1000
geom_080,16.72,16.37,9.86,5.65,2.1,1.61,5.0,0.34411,0.09256,0.0008,1000
geom_080,16.72,16.37,9.86,5.65,2.1,1.61,8.0,0.49244,0.12842,0.01712,1000
geom_081,14.62,16.48,7.58,2.49,1.81,2.65,-1.0,-0.00528,0.0515,-0.01451,1000
geom_081,14.62,16.48,7.58,2.49,1.81,2.65,-4.0,-0.10521,0.05974,-0.0234,189
geom_081,14.62,16.48,7.58,2.49,1.81,2.65,11.0,0.66575,0.19154,0.02718,1000
geom_081,14.62,16.48,7.58,2.49,1.81,2.65,14.0,0.80513,0.24917,0.05123,213
geom_081,14.62,16.48,7.58,2.49,1.81,2.65,2.0,0.16561,0.06204,-0.01038,1000
geom_081,14.62,16.48,7.58,2.49,1.81,2.65,5.0,0.37098,0.10325,-0.01163,1000
geom_081,14.62,16.48,7.58,2.49,1.81,2.65,8.0,0.52257,0.14396,0.00554,1000
geom_082,16.22,16.75,13.69,5.26,3.23,2.97,-1.0,-0.00294,0.05615,-0.00714,251
geom_082,16.22,16.75,13.69,5.26,3.23,2.97,-4.0,-0.1074,0.06337,-0.01781,256
geom_082,16.22,16.75,13.69,5.26,3.23,2.97,11.0,0.60767,0.20274,0.04592,1000
geom_082,16.22,16.75,13.69,5.26,3.23,2.97,14.0,0.73471,0.26565,0.05862,1000
geom_082,16.22,16.75,13.69,5.26,3.23,2.97,2.0,0.12037,0.06523,0.00489,1000
geom_082,16.22,16.75,13.69,5.26,3.23,2.97,5.0,0.28919,0.09414,0.01661,1000
geom_082,16.22,16.75,13.69,5.26,3.23,2.97,8.0,0.45487,0.14426,0.02851,1000
geom_083,19.25,14.89,7.4,1.44,2.98,3.27,-1.0,0.03003,0.04839,-0.02386,1000
geom_083,19.25,14.89,7.4,1.44,2.98,3.27,-4.0,-0.08245,0.05334,-0.03359,1000
geom_083,19.25,14.89,7.4,1.44,2.98,3.27,11.0,0.62995,0.16803,0.04232,182
geom_083,19.25,14.89,7.4,1.44,2.98,3.27,14.0,0.75751,0.2296,0.06533,1000
geom_083,19.25,14.89,7.4,1.44,2.98,3.27,2.0,0.20361,0.0609,-0.01692,1000
geom_083,19.25,14.89,7.4,1.44,2.98,3.27,5.0,0.35751,0.08842,-0.00283,1000
geom_083,19.25,14.89,7.4,1.44,2.98,3.27,8.0,0.4921,0.12108,0.01821,1000
geom_084,16.34,19.54,12.45,3.1,2.91,2.61,-1.0,0.00038,0.05368,-0.00975,239
geom_084,16.34,19.54,12.45,3.1,2.91,2.61,-4.0,-0.09119,0.06377,-0.02146,264
geom_084,16.34,19.54,12.45,3.1,2.91,2.61,11.0,0.63511,0.20464,0.03337,1000
geom_084,16.34,19.54,12.45,3.1,2.91,2.61,14.0,0.76249,0.2698,0.05024,1000
geom_084,16.34,19.54,12.45,3.1,2.91,2.61,2.0,0.12156,0.05906,0.00151,1000
geom_084,16.34,19.54,12.45,3.1,2.91,2.61,5.0,0.29466,0.08791,0.01166,1000
geom_084,16.34,19.54,12.45,3.1,2.91,2.61,8.0,0.47524,0.14223,0.02014,1000
geom_085,20.0,15.21,10.4,0.84,2.82,2.35,-1.0,0.01401,0.04935,-0.01731,1000
geom_085,20.0,15.21,10.4,0.84,2.82,2.35,-4.0,-0.09702,0.05503,-0.02735,643
geom_085,20.0,15.21,10.4,0.84,2.82,2.35,11.0,0.59937,0.17905,0.04976,1000
geom_085,20.0,15.21,10.4,0.84,2.82,2.35,14.0,0.71301,0.23723,0.06723,1000
geom_085,20.0,15.21,10.4,0.84,2.82,2.35,2.0,0.16707,0.06015,-0.00558,1000
geom_085,20.0,15.21,10.4,0.84,2.82,2.35,5.0,0.34688,0.09312,0.00522,1000
geom_085,20.0,15.21,10.4,0.84,2.82,2.35,8.0,0.47464,0.12958,0.02841,1000
geom_086,21.07,15.97,11.43,1.65,3.17,3.48,-1.0,0.01973,0.05193,-0.01654,1000
geom_086,21.07,15.97,11.43,1.65,3.17,3.48,-4.0,-0.08475,0.0545,-0.02658,270
geom_086,21.07,15.97,11.43,1.65,3.17,3.48,11.0,0.57963,0.18185,0.04861,1000
geom_086,21.07,15.97,11.43,1.65,3.17,3.48,14.0,0.69649,0.24152,0.06355,1000
geom_086,21.07,15.97,11.43,1.65,3.17,3.48,2.0,0.15755,0.06088,-0.00335,1000
geom_086,21.07,15.97,11.43,1.65,3.17,3.48,5.0,0.31326,0.09046,0.01198,1000
geom_086,21.07,15.97,11.43,1.65,3.17,3.48,8.0,0.45879,0.13475,0.02926,1000
geom_087,22.45,18.0,9.35,3.77,2.46,2.45,-1.0,0.0157,0.04699,-0.01617,855
geom_087,22.45,18.0,9.35,3.77,2.46,2.45,-4.0,-0.07805,0.0568,-0.02888,266
geom_087,22.45,18.0,9.35,3.77,2.46,2.45,11.0,0.61527,0.17534,0.03992,1000
geom_087,22.45,18.0,9.35,3.77,2.46,2.45,14.0,0.75649,0.23555,0.06234,1000
geom_087,22.45,18.0,9.35,3.77,2.46,2.45,2.0,0.14664,0.0537,-0.00404,1000
geom_087,22.45,18.0,9.35,3.77,2.46,2.45,5.0,0.30718,0.0799,0.00764,1000
geom_087,22.45,18.0,9.35,3.77,2.46,2.45,8.0,0.47482,0.12835,0.01892,1000
geom_088,11.02,19.67,9.3,4.49,1.73,1.93,-1.0,-0.01206,0.05769,-0.00783,232
geom_088,11.02,19.67,9.3,4.49,1.73,1.93,-4.0,-0.10184,0.0685,-0.01712,223
geom_088,11.02,19.67,9.3,4.49,1.73,1.93,11.0,0.68643,0.22529,0.01296,1000
geom_088,11.02,19.67,9.3,4.49,1.73,1.93,14.0,0.83977,0.29461,0.02931,1000
geom_088,11.02,19.67,9.3,4.49,1.73,1.93,2.0,0.13978,0.06689,-0.00155,251
geom_088,11.02,19.67,9.3,4.49,1.73,1.93,5.0,0.29297,0.0902,0.0082,1000
geom_088,11.02,19.67,9.3,4.49,1.73,1.93,8.0,0.48037,0.14413,0.01077,1000
geom_089,10.86,19.49,14.13,5.32,2.72,3.35,-1.0,0.02753,0.05906,-0.01122,250
geom_089,10.86,19.49,14.13,5.32,2.72,3.35,-4.0,-0.0586,0.06549,-0.02182,196
geom_089,10.86,19.49,14.13,5.32,2.72,3.35,11.0,0.69513,0.24704,0.01761,1000
geom_089,10.86,19.49,14.13,5.32,2.72,3.35,14.0,0.83974,0.31857,0.03409,1000
geom_089,10.86,19.49,14.13,5.32,2.72,3.35,2.0,0.18661,0.08717,-0.01129,1000
geom_089,10.86,19.49,14.13,5.32,2.72,3.35,5.0,0.37436,0.13691,-0.01078,1000
geom_089,10.86,19.49,14.13,5.32,2.72,3.35,8.0,0.53542,0.18439,0.00194,1000
geom_090,18.24,14.72,7.72,1.41,2.7,2.06,-1.0,0.04092,0.04866,-0.02483,1000
geom_090,18.24,14.72,7.72,1.41,2.7,2.06,-4.0,-0.0693,0.05355,-0.03431,1000
geom_090,18.24,14.72,7.72,1.41,2.7,2.06,11.0,0.63995,0.17444,0.04025,194
geom_090,18.24,14.72,7.72,1.41,2.7,2.06,14.0,0.762,0.23534,0.06178,1000
geom_090,18.24,14.72,7.72,1.41,2.7,2.06,2.0,0.20276,0.06107,-0.01621,1000
geom_090,18.24,14.72,7.72,1.41,2.7,2.06,5.0,0.3673,0.0913,-0.00468,1000
geom_090,18.24,14.72,7.72,1.41,2.7,2.06,8.0,0.50577,0.12664,0.01635,824
geom_091,18.32,14.79,9.2,4.25,1.91,2.3,-1.0,0.02939,0.048,-0.01927,1000
geom_091,18.32,14.79,9.2,4.25,1.91,2.3,-4.0,-0.07181,0.05396,-0.02918,221
geom_091,18.32,14.79,9.2,4.25,1.91,2.3,11.0,0.64003,0.18256,0.04022,1000
geom_091,18.32,14.79,9.2,4.25,1.91,2.3,14.0,0.76764,0.24186,0.06182,1000
geom_091,18.32,14.79,9.2,4.25,1.91,2.3,2.0,0.18375,0.06127,-0.01011,1000
geom_091,18.32,14.79,9.2,4.25,1.91,2.3,5.0,0.36105,0.09338,-0.00254,1000
geom_091,18.32,14.79,9.2,4.25,1.91,2.3,8.0,0.50696,0.1338,0.0171,1000
geom_092,17.03,16.21,11.78,6.0,3.07,3.45,-1.0,0.02663,0.05147,-0.01502,343
geom_092,17.03,16.21,11.78,6.0,3.07,3.45,-4.0,-0.06471,0.05669,-0.02599,226
geom_092,17.03,16.21,11.78,6.0,3.07,3.45,11.0,0.63891,0.2017,0.0378,1000
geom_092,17.03,16.21,11.78,6.0,3.07,3.45,14.0,0.76865,0.26103,0.05947,1000
geom_092,17.03,16.21,11.78,6.0,3.07,3.45,2.0,0.16529,0.06771,-0.00626,1000
geom_092,17.03,16.21,11.78,6.0,3.07,3.45,5.0,0.37487,0.11479,-0.00727,1000
geom_092,17.03,16.21,11.78,6.0,3.07,3.45,8.0,0.50776,0.15232,0.01482,1000
geom_093,21.49,18.99,15.26,1.22,2.35,2.94,-1.0,-0.01517,0.05533,-0.00315,299
geom_093,21.49,18.99,15.26,1.22,2.35,2.94,-4.0,-0.10934,0.06474,-0.01758,1000
geom_093,21.49,18.99,15.26,1.22,2.35,2.94,11.0,0.56376,0.20152,0.04821,1000
geom_093,21.49,18.99,15.26,1.22,2.35,2.94,14.0,0.67974,0.26607,0.05839,1000
geom_093,21.49,18.99,15.26,1.22,2.35,2.94,2.0,0.10441,0.06298,0.01173,1000
geom_093,21.49,18.99,15.26,1.22,2.35,2.94,5.0,0.24829,0.08858,0.0288,1000
geom_093,21.49,18.99,15.26,1.22,2.35,2.94,8.0,0.42896,0.14553,0.03524,1000
geom_094,17.53,19.55,8.97,4.88,2.69,2.9,-1.0,-0.0028,0.05138,-0.01238,215
geom_094,17.53,19.55,8.97,4.88,2.69,2.9,-4.0,-0.09281,0.06128,-0.02318,225
geom_094,17.53,19.55,8.97,4.88,2.69,2.9,11.0,0.56681,0.15798,0.0409,1000
geom_094,17.53,19.55,8.97,4.88,2.69,2.9,14.0,0.72854,0.22168,0.05647,1000
geom_094,17.53,19.55,8.97,4.88,2.69,2.9,2.0,0.13557,0.06212,-0.0046,1000
geom_094,17.53,19.55,8.97,4.88,2.69,2.9,5.0,0.29432,0.08946,0.00666,1000
geom_094,17.53,19.55,8.97,4.88,2.69,2.9,8.0,0.42331,0.11457,0.02452,1000
geom_095,16.15,17.24,12.76,2.19,2.88,2.88,-1.0,0.0063,0.0536,-0.01104,312
geom_095,16.15,17.24,12.76,2.19,2.88,2.88,-4.0,-0.09219,0.06094,-0.02189,177
geom_095,16.15,17.24,12.76,2.19,2.88,2.88,11.0,0.61673,0.19972,0.03991,1000
geom_095,16.15,17.24,12.76,2.19,2.88,2.88,14.0,0.73864,0.2595,0.05669,1000
geom_095,16.15,17.24,12.76,2.19,2.88,2.88,2.0,0.1403,0.06473,-0.00126,1000
geom_095,16.15,17.24,12.76,2.19,2.88,2.88,5.0,0.31819,0.09752,0.00988,1000
geom_095,16.15,17.24,12.76,2.19,2.88,2.88,8.0,0.47604,0.14522,0.02333,1000
